token,kind,gloss,toki_pona
open,semantic,initiate; expose possibility; make addressable,"open, turn on, begin, start"
lon,semantic,presence; reality; situated existence,"at, in, on; located, present; real, true"
tawa,semantic,move; direct; orient,"to, toward, for; moving, going"
wile,semantic,intend; target; desire,"want, need, wish; must, should"
pali,semantic,execute; work; make,"do, work, make, build"
pilin,semantic,sense; evaluate; affective registration,"heart; feeling, emotion; to feel, think"
seme,semantic,query; unresolved variable,what? which?
ma,semantic,locate; scope; situate,"earth, land, place; country, territory; outdoors"
lukin,semantic,inspect; intentionally observe,"eye; look, see, examine, observe, watch; try to"
sona,semantic,know; resolve; model,"know, be skilled in, be wise about; knowledge"
ni,semantic,bind; point; fix referent,"this, that"
kute,semantic,receive; listen; accept signal,"ear; hear, listen; pay attention to, obey"
nasin,semantic,route; method; procedure,"way, path, road; custom, method, doctrine"
sijelo,semantic,embody; physical instantiation,"body, torso; physical state"
ilo,semantic,instrument; tool; means,"tool, implement, machine, device"
lawa,semantic,govern; regulate; control,"head, mind; control, direct, guide, lead, rule"
awen,semantic,retain; persist; hold,"enduring, kept, protected, safe, staying, waiting; continue to"
ken,semantic,possibility; enablement; permission-capability,"can, is able to, is allowed to, may; possible"
jan,semantic,agent; actor; responsible agency,"human being, person, somebody"
ante,semantic,difference; transformation,"different, altered, changed, other"
kama,semantic,become; transition; arrive,"arriving, coming, future; become, manage to"
sama,semantic,match; align; equivalence,"same, similar; like, as; each other; sibling, peer"
ijo,semantic,reify; entity/thing operation,"thing, phenomenon, object, matter"
selo,semantic,boundary; surface; enclosure/interface,"outer form, outer layer; bark, peel, shell, skin, boundary"
sitelen,semantic,represent; encode; inscribe,"image, picture, representation, symbol, mark, writing"
linja,semantic,link; thread; chain,"long flexible thing; cord, hair, rope, thread"
pana,semantic,emit; give; publish; send,"give, send, emit, provide, put, release"
toki,semantic,communicate; articulate; exchange meaning,"communicate, say, speak, talk, use language, think; hello"
tenpo,semantic,temporalize; process through time,"time, duration, moment, occasion, period, situation"
pini,semantic,close; terminate; complete,"ago, completed, ended, finished, past"
sike,semantic,iterate; cycle; recurse,"round; circle, wheel, sphere, ball, cycle; one year"
ale,semantic,totalize; universal scope,"all; abundant, countless, every; everything, life, universe"
weka,semantic,remove; distance; detach,"absent, away, ignored"
ala,semantic,negate; absence; deny,"no, not, zero"
kulupu,semantic,group; aggregate; collective,"community, company, group, nation, society, tribe"
pona,semantic,normalize; improve; make fit,"good, positive, useful; friendly, peaceful; simple"
li,structural,predicate/state relation,(particle) between any subject except mi/sina alone and its verb; also introduces a new verb for the same subject
la,structural,context/condition/validity scope,(particle) between the context phrase and the main sentence
e,structural,directed object/target,(particle) before the direct object
tan,structural,source/cause/dependency/provenance,"by, from, because of; origin, cause"
pi,structural,grouping/composition scope,(particle) regroups two or more modifiers
anu,structural,alternative/branch/version,or
