row,row_role,column,column_role,token,kind
1,Start->Ground,1,Sun/Seed,open,semantic
1,Start->Ground,2,Moon/Map,lon,semantic
1,Start->Ground,3,Mars/Explore,tawa,semantic
1,Start->Ground,4,Mercury/Decide,wile,semantic
1,Start->Ground,5,Jupiter/Work,pali,semantic
1,Start->Ground,6,Venus/Resonate,pilin,semantic
1,Start->Ground,7,Saturn/Structure,li,structural
2,Question->Locate,1,Sun/Seed,seme,semantic
2,Question->Locate,2,Moon/Map,ma,semantic
2,Question->Locate,3,Mars/Explore,lukin,semantic
2,Question->Locate,4,Mercury/Decide,sona,semantic
2,Question->Locate,5,Jupiter/Work,ni,semantic
2,Question->Locate,6,Venus/Resonate,kute,semantic
2,Question->Locate,7,Saturn/Structure,la,structural
3,Commit->Practice,1,Sun/Seed,nasin,semantic
3,Commit->Practice,2,Moon/Map,sijelo,semantic
3,Commit->Practice,3,Mars/Explore,ilo,semantic
3,Commit->Practice,4,Mercury/Decide,lawa,semantic
3,Commit->Practice,5,Jupiter/Work,awen,semantic
3,Commit->Practice,6,Venus/Resonate,ken,semantic
3,Commit->Practice,7,Saturn/Structure,e,structural
4,Encounter->Transform,1,Sun/Seed,jan,semantic
4,Encounter->Transform,2,Moon/Map,ante,semantic
4,Encounter->Transform,3,Mars/Explore,kama,semantic
4,Encounter->Transform,4,Mercury/Decide,sama,semantic
4,Encounter->Transform,5,Jupiter/Work,ijo,semantic
4,Encounter->Transform,6,Venus/Resonate,selo,semantic
4,Encounter->Transform,7,Saturn/Structure,tan,structural
5,Understand->Structure,1,Sun/Seed,sitelen,semantic
5,Understand->Structure,2,Moon/Map,linja,semantic
5,Understand->Structure,3,Mars/Explore,pana,semantic
5,Understand->Structure,4,Mercury/Decide,toki,semantic
5,Understand->Structure,5,Jupiter/Work,tenpo,semantic
5,Understand->Structure,6,Venus/Resonate,pini,semantic
5,Understand->Structure,7,Saturn/Structure,pi,structural
6,Generalize->Release,1,Sun/Seed,sike,semantic
6,Generalize->Release,2,Moon/Map,ale,semantic
6,Generalize->Release,3,Mars/Explore,weka,semantic
6,Generalize->Release,4,Mercury/Decide,ala,semantic
6,Generalize->Release,5,Jupiter/Work,kulupu,semantic
6,Generalize->Release,6,Venus/Resonate,pona,semantic
6,Generalize->Release,7,Saturn/Structure,anu,structural
