token,kind,gloss
open,semantic,"initiate; expose possibility; make addressable"
lon,semantic,"presence; reality; situated existence"
tawa,semantic,"move; direct; orient"
wile,semantic,"intend; target; desire"
pali,semantic,"execute; work; make"
pilin,semantic,"sense; evaluate; affective registration"
seme,semantic,"query; unresolved variable"
ma,semantic,"locate; scope; situate"
lukin,semantic,"inspect; intentionally observe"
sona,semantic,"know; resolve; model"
ni,semantic,"bind; point; fix referent"
kute,semantic,"receive; listen; accept signal"
nasin,semantic,"route; method; procedure"
sijelo,semantic,"embody; physical instantiation"
ilo,semantic,"instrument; tool; means"
lawa,semantic,"govern; regulate; control"
awen,semantic,"retain; persist; hold"
ken,semantic,"possibility; enablement; permission-capability"
jan,semantic,"agent; actor; responsible agency"
ante,semantic,"difference; transformation"
kama,semantic,"become; transition; arrive"
sama,semantic,"match; align; equivalence"
ijo,semantic,"reify; entity/thing operation"
selo,semantic,"boundary; surface; enclosure/interface"
sitelen,semantic,"represent; encode; inscribe"
linja,semantic,"link; thread; chain"
pana,semantic,"emit; give; publish; send"
toki,semantic,"communicate; articulate; exchange meaning"
tenpo,semantic,"temporalize; process through time"
pini,semantic,"close; terminate; complete"
sike,semantic,"iterate; cycle; recurse"
ale,semantic,"totalize; universal scope"
weka,semantic,"remove; distance; detach"
ala,semantic,"negate; absence; deny"
kulupu,semantic,"group; aggregate; collective"
pona,semantic,"normalize; improve; make fit"
li,structural,"predicate/state relation"
la,structural,"context/condition/validity scope"
e,structural,"directed object/target"
tan,structural,"source/cause/dependency/provenance"
pi,structural,"grouping/composition scope"
anu,structural,"alternative/branch/version"
