participant_id,vendor,condition,cell_index,reversed_order,packet
p001,qwen,external,2,0,packets/p001.md
p002,haiku,shuffled,1,1,packets/p002.md
p003,qwen,shuffled,0,0,packets/p003.md
p004,sonnet,external,2,0,packets/p004.md
p005,sonnet,shuffled,0,0,packets/p005.md
p006,sonnet,generic,0,0,packets/p006.md
p007,sonnet,external,1,1,packets/p007.md
p008,haiku,shuffled,2,0,packets/p008.md
p009,qwen,external,0,0,packets/p009.md
p010,qwen,generic,1,1,packets/p010.md
p011,sonnet,embedded,2,0,packets/p011.md
p012,qwen,generic,2,0,packets/p012.md
p013,qwen,external,1,1,packets/p013.md
p014,qwen,embedded,1,1,packets/p014.md
p015,sonnet,generic,2,0,packets/p015.md
p016,haiku,embedded,2,0,packets/p016.md
p017,haiku,generic,2,0,packets/p017.md
p018,qwen,generic,0,0,packets/p018.md
p019,haiku,shuffled,0,0,packets/p019.md
p020,qwen,embedded,2,0,packets/p020.md
p021,sonnet,embedded,1,1,packets/p021.md
p022,qwen,shuffled,2,0,packets/p022.md
p023,qwen,shuffled,1,1,packets/p023.md
p024,haiku,external,2,0,packets/p024.md
p025,sonnet,embedded,0,0,packets/p025.md
p026,sonnet,shuffled,2,0,packets/p026.md
p027,sonnet,external,0,0,packets/p027.md
p028,haiku,generic,1,1,packets/p028.md
p029,haiku,embedded,1,1,packets/p029.md
p030,sonnet,shuffled,1,1,packets/p030.md
p031,qwen,embedded,0,0,packets/p031.md
p032,haiku,generic,0,0,packets/p032.md
p033,haiku,external,0,0,packets/p033.md
p034,haiku,embedded,0,0,packets/p034.md
p035,haiku,external,1,1,packets/p035.md
p036,sonnet,generic,1,1,packets/p036.md
